-- phpMyAdmin SQL Dump
-- version 5.0.2
-- https://www.phpmyadmin.net/
--
-- Хост: 127.0.0.1:3306
-- Время создания: Дек 13 2020 г., 23:01
-- Версия сервера: 10.3.22-MariaDB
-- Версия PHP: 7.1.33

SET SQL_MODE = "NO_AUTO_VALUE_ON_ZERO";
START TRANSACTION;
SET time_zone = "+00:00";


/*!40101 SET @OLD_CHARACTER_SET_CLIENT=@@CHARACTER_SET_CLIENT */;
/*!40101 SET @OLD_CHARACTER_SET_RESULTS=@@CHARACTER_SET_RESULTS */;
/*!40101 SET @OLD_COLLATION_CONNECTION=@@COLLATION_CONNECTION */;
/*!40101 SET NAMES utf8mb4 */;

--
-- База данных: `продажа подержанных автомобилей`
--

-- --------------------------------------------------------

--
-- Структура таблицы `дилеры`
--

CREATE TABLE `дилеры` (
  `ID_дилера` int(11) NOT NULL,
  `Фамилия` text COLLATE utf8mb4_unicode_ci NOT NULL,
  `Имя` text COLLATE utf8mb4_unicode_ci NOT NULL,
  `Отчество` text COLLATE utf8mb4_unicode_ci NOT NULL,
  `Фотография` int(11) NOT NULL,
  `Домашний_адрес` text COLLATE utf8mb4_unicode_ci NOT NULL,
  `Телефон` text COLLATE utf8mb4_unicode_ci NOT NULL
) ENGINE=InnoDB DEFAULT CHARSET=utf8mb4 COLLATE=utf8mb4_unicode_ci;

--
-- Дамп данных таблицы `дилеры`
--

INSERT INTO `дилеры` (`ID_дилера`, `Фамилия`, `Имя`, `Отчество`, `Фотография`, `Домашний_адрес`, `Телефон`) VALUES
(1, 'Чазов', 'Яков', 'Герасимович', 1, 'Россия, г. Долгопрудный, Хуторская ул., д. 13 кв.13', '+7 (961) 332-70-69'),
(2, 'Штельмах', 'Надежда', 'Викторовна', 2, 'Россия, г. Железногорск, Южная ул., д. 20 кв.26', '+7 (987) 605-23-51'),
(3, 'Лямина', 'Екатерина', 'Алексеевна', 3, 'Россия, г. Екатеринбург, Совхозная ул., д. 22 кв.9', '+7 (999) 250-91-51'),
(4, 'Апалков', 'Леонид', 'Феодосивич', 4, 'Россия, г. Элиста, Пионерская ул., д. 12 кв.16', '+7 (975) 639-86-17'),
(5, 'Килик', 'Людмила', 'Игнатьевна', 5, 'Россия, г. Казань, Солнечный пер., д. 17 кв.168', '+7 (969) 167-30-43'),
(6, 'Ерхов', 'Виктор', 'Себастьянов', 6, 'Россия, г. Воронеж, Новый пер., д. 20 кв.23', '+7 (982) 420-75-41'),
(7, 'Чернова', 'Галина', 'Георгьевна', 7, 'Россия, г. Самара, Рабочая ул., д. 21 кв.84', '+7 (983) 280-18-22'),
(8, 'Ханцева', 'Галина', 'Васильевна', 8, 'Россия, г. Киров, Зеленый пер., д. 4 кв.187', '+7 (933) 639-26-26'),
(9, 'Огурцов', 'Роман', 'Арсеньевич', 9, 'Россия, г. Хабаровск, 3 Марта ул., д. 2 кв.202', '+7 (916) 631-64-49'),
(10, 'Кондуров', 'Никифор', 'Никаноров', 10, 'Россия, г. Златоуст, Садовая ул., д. 1 кв.59', '+7 (970) 819-18-76');

-- --------------------------------------------------------

--
-- Структура таблицы `договоры`
--

CREATE TABLE `договоры` (
  `ID_договора` int(11) NOT NULL,
  `ID_клиента` int(11) NOT NULL,
  `ID_дилера` int(11) NOT NULL,
  `ID_машины` int(11) NOT NULL,
  `Дата_продажи` date NOT NULL,
  `Цена_продажи` decimal(15,2) NOT NULL,
  `Примечания` text CHARACTER SET utf8mb4 NOT NULL
) ENGINE=InnoDB DEFAULT CHARSET=utf8mb4 COLLATE=utf8mb4_unicode_ci;

--
-- Дамп данных таблицы `договоры`
--

INSERT INTO `договоры` (`ID_договора`, `ID_клиента`, `ID_дилера`, `ID_машины`, `Дата_продажи`, `Цена_продажи`, `Примечания`) VALUES
(1, 1, 1, 1, '2020-11-03', '569000.00', 'Отлично'),
(2, 2, 2, 2, '2020-11-01', '560000.00', 'Хорошая сделка'),
(3, 3, 3, 3, '2020-06-10', '569000.00', 'Первая покупка'),
(4, 4, 4, 4, '2020-08-25', '569000.00', 'Плохая сделка'),
(5, 5, 5, 5, '2020-10-29', '569000.00', 'Довольно дорого'),
(6, 6, 6, 6, '2020-11-03', '670000.00', 'Неплохой автомобиль'),
(7, 7, 7, 7, '2020-09-18', '569000.00', 'Автомобиль отличный'),
(8, 8, 8, 8, '2020-06-30', '569000.00', 'Мощный автомобиль'),
(9, 9, 9, 9, '2020-07-28', '569000.00', 'Великолепный автомобиль'),
(10, 10, 10, 10, '2019-09-17', '569000.00', 'Хороший автомобиль'),
(11, 4, 6, 3, '2020-10-25', '569000.00', 'Хороший продавец'),
(12, 2, 10, 8, '2020-11-05', '569000.00', 'Дорогой автомобиль, но мощный'),
(13, 9, 5, 3, '2020-11-07', '569000.00', 'Отличный автомобиль'),
(14, 5, 6, 6, '2020-10-07', '569000.00', 'Неплохой автомобиль'),
(15, 3, 7, 10, '2020-11-01', '569000.00', 'Новое авто'),
(16, 9, 3, 1, '2020-06-11', '569000.00', 'Красивый автомобиль'),
(17, 6, 7, 10, '2020-03-18', '569000.00', 'Нормальный автомобиль за свои деньги'),
(18, 8, 6, 5, '2020-11-24', '569000.00', 'Иномарка просто шикарная'),
(19, 6, 10, 3, '2020-08-08', '569000.00', 'Заказчик доволен'),
(20, 3, 8, 5, '2020-07-15', '569000.00', 'Вмятина на бампере');

-- --------------------------------------------------------

--
-- Структура таблицы `клиенты`
--

CREATE TABLE `клиенты` (
  `ID_клиента` int(5) NOT NULL,
  `Фамилия` text COLLATE utf8mb4_unicode_ci NOT NULL,
  `Имя` text COLLATE utf8mb4_unicode_ci NOT NULL,
  `Отчество` text COLLATE utf8mb4_unicode_ci NOT NULL,
  `Город` text COLLATE utf8mb4_unicode_ci NOT NULL,
  `Адрес` text COLLATE utf8mb4_unicode_ci NOT NULL,
  `Контактный_телефон` text CHARACTER SET utf8 NOT NULL
) ENGINE=InnoDB DEFAULT CHARSET=utf8mb4 COLLATE=utf8mb4_unicode_ci;

--
-- Дамп данных таблицы `клиенты`
--

INSERT INTO `клиенты` (`ID_клиента`, `Фамилия`, `Имя`, `Отчество`, `Город`, `Адрес`, `Контактный_телефон`) VALUES
(1, 'Мартюшов', 'Савва', 'Ростиславович', 'Батайск', 'Сосновая ул., д. 11 кв.163', '+7 (987) 107-28-53'),
(2, 'Чекин', 'Петр', 'Ефремович', 'Миасс', 'Дзержинского ул., д. 10 кв.12', '+7 (932) 834-63-87'),
(3, 'Сухомлина', 'София', 'Трофимовна', 'Нижний Новгород', '17 Сентября ул., д. 9 кв.31', '+7 (946) 796-16-29'),
(4, 'Трошкин', 'Евгений', 'Васильевич', 'Новочебоксарск', 'Садовая ул., д. 3 кв.5', '+7 (921) 956-55-16'),
(5, 'Мамкин', 'Игнат', 'Давидович', 'Астрахань', 'Мирная ул., д. 2 кв.101', '+7 (932) 737-76-23'),
(6, 'Яимов', 'Кузьма', 'Витальевич', 'Старый Оскол', 'Колхозная ул., д. 11 кв.208', '+7 (918) 376-62-83'),
(7, 'Климова', 'Альбина', 'Альбина', 'Волгодонск', 'Чапаева ул., д. 23 кв.49', '+7 (975) 535-53-96'),
(8, 'Баушев', 'Василий', 'Михаилович', 'Астрахань', 'Партизанская ул., д. 25 кв.97', '+7 (994) 145-25-75'),
(9, 'Ягодина', 'Настасья', 'Якововна', 'Ставрополь', 'Новый пер., д. 21 кв.208', '+7 (998) 980-75-97'),
(10, 'Карасевич', 'Тамара', 'Трофимовна', 'Сургут', 'Радужная ул., д. 20 кв.87', '+7 (916) 484-36-25');

-- --------------------------------------------------------

--
-- Структура таблицы `автопарк`
--

CREATE TABLE `автопарк` (
  `ID_машины` int(11) NOT NULL,
  `Регистрационный_номер` text COLLATE utf8mb4_unicode_ci NOT NULL,
  `Марка_автомобиля` text COLLATE utf8mb4_unicode_ci NOT NULL,
  `Дата_выпуска` date NOT NULL,
  `Фото_автомобиля` int(11) NOT NULL
) ENGINE=InnoDB DEFAULT CHARSET=utf8mb4 COLLATE=utf8mb4_unicode_ci;

--
-- Дамп данных таблицы `автопарк`
--

INSERT INTO `автопарк` (`ID_машины`, `Регистрационный_номер`, `Марка_автомобиля`, `Дата_выпуска`, `Фото_автомобиля`) VALUES
(1, 'Н 575 ОУ', 'Lexus', '2010-11-05', 11),
(2, 'Т 205 ЕР', 'Mazda', '2012-03-04', 12),
(3, 'С 533 СМ', 'Volvo', '2014-11-05', 13),
(4, 'К 992 МН', 'Toyota', '2017-09-03', 14),
(5, 'У 549 КТ', 'Ravon', '2019-09-04', 15),
(6, 'Е 093 ВВ', 'Chery', '2019-11-23', 16),
(7, 'А 222 СА', 'Hummer', '2018-11-02', 17),
(8, 'В 883 МН', 'Volvo', '2013-08-05', 18),
(9, 'Х 945 ХУ', 'Tesla', '2011-11-19', 19),
(10, 'О 122 ТН', 'Peugeot', '2014-01-08', 20);

-- --------------------------------------------------------

--
-- Структура таблицы `фотографии`
--

CREATE TABLE `фотографии` (
  `ID_фотографии` int(11) NOT NULL,
  `Название` text COLLATE utf8mb4_unicode_ci NOT NULL,
  `Путь_к_файлу` text COLLATE utf8mb4_unicode_ci NOT NULL
) ENGINE=InnoDB DEFAULT CHARSET=utf8mb4 COLLATE=utf8mb4_unicode_ci;

--
-- Дамп данных таблицы `фотографии`
--

INSERT INTO `фотографии` (`ID_фотографии`, `Название`, `Путь_к_файлу`) VALUES
(1, 'Работник №1', 'img/avatar/ava_1.png'),
(2, 'Работник №2', 'img/avatar/ava_2.png'),
(3, 'Работник №3', 'img/avatar/ava_3.png'),
(4, 'Работник №4', 'img/avatar/ava_4.png'),
(5, 'Работник №5', 'img/avatar/ava_5.png'),
(6, 'Работник №6', 'img/avatar/ava_6.png'),
(7, 'Работник №7', 'img/avatar/ava_7.png'),
(8, 'Работник №8', 'img/avatar/ava_8.png'),
(9, 'Работник №9', 'img/avatar/ava_9.png'),
(10, 'Работник №10', 'img/avatar/ava_10.png'),
(11, 'Машина №1', 'img/cars/avto_1.png'),
(12, 'Машина №2', 'img/cars/avto_2.png'),
(13, 'Машина №3', 'img/cars/avto_3.png'),
(14, 'Машина №4', 'img/cars/avto_4.png'),
(15, 'Машина №5', 'img/cars/avto_5.png'),
(16, 'Машина №6', 'img/cars/avto_6.png'),
(17, 'Машина №7', 'img/cars/avto_7.png'),
(18, 'Машина №8', 'img/cars/avto_8.png'),
(19, 'Машина №9', 'img/cars/avto_9.png'),
(20, 'Машина №10', 'img/cars/avto_10.png');

--
-- Индексы сохранённых таблиц
--

--
-- Индексы таблицы `дилеры`
--
ALTER TABLE `дилеры`
  ADD PRIMARY KEY (`ID_дилера`),
  ADD KEY `Фотография` (`Фотография`);

--
-- Индексы таблицы `договоры`
--
ALTER TABLE `договоры`
  ADD PRIMARY KEY (`ID_договора`),
  ADD KEY `ID машины` (`ID_машины`),
  ADD KEY `ID дилера` (`ID_дилера`),
  ADD KEY `ID клиента` (`ID_клиента`);

--
-- Индексы таблицы `клиенты`
--
ALTER TABLE `клиенты`
  ADD PRIMARY KEY (`ID_клиента`);

--
-- Индексы таблицы `автопарк`
--
ALTER TABLE `автопарк`
  ADD PRIMARY KEY (`ID_машины`),
  ADD KEY `Фото автомобиля` (`Фото_автомобиля`);

--
-- Индексы таблицы `фотографии`
--
ALTER TABLE `фотографии`
  ADD PRIMARY KEY (`ID_фотографии`);

--
-- AUTO_INCREMENT для сохранённых таблиц
--

--
-- AUTO_INCREMENT для таблицы `дилеры`
--
ALTER TABLE `дилеры`
  MODIFY `ID_дилера` int(11) NOT NULL AUTO_INCREMENT, AUTO_INCREMENT=27;

--
-- AUTO_INCREMENT для таблицы `договоры`
--
ALTER TABLE `договоры`
  MODIFY `ID_договора` int(11) NOT NULL AUTO_INCREMENT, AUTO_INCREMENT=23;

--
-- AUTO_INCREMENT для таблицы `клиенты`
--
ALTER TABLE `клиенты`
  MODIFY `ID_клиента` int(5) NOT NULL AUTO_INCREMENT, AUTO_INCREMENT=66;

--
-- AUTO_INCREMENT для таблицы `автопарк`
--
ALTER TABLE `автопарк`
  MODIFY `ID_машины` int(11) NOT NULL AUTO_INCREMENT, AUTO_INCREMENT=12;

--
-- AUTO_INCREMENT для таблицы `фотографии`
--
ALTER TABLE `фотографии`
  MODIFY `ID_фотографии` int(11) NOT NULL AUTO_INCREMENT, AUTO_INCREMENT=23;

--
-- Ограничения внешнего ключа сохраненных таблиц
--

--
-- Ограничения внешнего ключа таблицы `дилеры`
--
ALTER TABLE `дилеры`
  ADD CONSTRAINT `дилеры_ibfk_1` FOREIGN KEY (`Фотография`) REFERENCES `фотографии` (`ID_фотографии`);

--
-- Ограничения внешнего ключа таблицы `договоры`
--
ALTER TABLE `договоры`
  ADD CONSTRAINT `договоры_ibfk_1` FOREIGN KEY (`ID_машины`) REFERENCES `автопарк` (`ID_машины`),
  ADD CONSTRAINT `договоры_ibfk_2` FOREIGN KEY (`ID_дилера`) REFERENCES `дилеры` (`ID_дилера`),
  ADD CONSTRAINT `договоры_ibfk_3` FOREIGN KEY (`ID_клиента`) REFERENCES `клиенты` (`ID_клиента`);

--
-- Ограничения внешнего ключа таблицы `автопарк`
--
ALTER TABLE `автопарк`
  ADD CONSTRAINT `автопарк_ibfk_1` FOREIGN KEY (`Фото_автомобиля`) REFERENCES `фотографии` (`ID_фотографии`);
COMMIT;

/*!40101 SET CHARACTER_SET_CLIENT=@OLD_CHARACTER_SET_CLIENT */;
/*!40101 SET CHARACTER_SET_RESULTS=@OLD_CHARACTER_SET_RESULTS */;
/*!40101 SET COLLATION_CONNECTION=@OLD_COLLATION_CONNECTION */;
 
